200101;ABRAZADERA;REPUESTO
200102;ACEITE P/CAJA DE DIRECCION;REPUESTO
200103;ACEITE P/MOTOR;REPUESTO
200104;ACEITE P/ CAJA  AUTOMATICA;REPUESTO
200105;ACEITE P/ CAJA MECANICA;REPUESTO
200106;ACEITE P/ CAJA ROBOTICA;REPUESTO
200107;ACEITE P/ CORONA;REPUESTO
200108;ACEITE P/ ROSTER;REPUESTO
200109;ADITIVO;REPUESTO
200110;AFLOJA PERNO;REPUESTO
200111;AGUA DESTILADA;REPUESTO
200112;AGUA REFRIGERANTE  ROJA;REPUESTO
200113;AGUA REFRIGERANTE VERDE;REPUESTO
200114;ALTERNADOR;REPUESTO
200115;AMORTIGUADOR DE DIRECCION;REPUESTO
200116;AMORTIGUADOR DELANTERO;REPUESTO
200117;AMORTIGUADOR TRASERO;REPUESTO
200118;ANILLA DE MORDAZA;REPUESTO
200119;ANILLA PISTON DE MOTOR JGO.;REPUESTO
200120;ARANDELA SATELITE;REPUESTO
200121;ARRANQUE COMPLETO;REPUESTO
200122;ASPA DE VENTILADORA;REPUESTO
200123;AUTOMATICO DE ARRANQUE;REPUESTO
200124;AXIALES DE CIGÜEÑAL;REPUESTO
200125;ARANDELA DE SUPLEMENTO DE CORONA;REPUESTO
200126;ACOPLE O UNION DE CONDUCTO;REPUESTO
200127;ALEMITA;REPUESTO
200128;AMORTIGUADOR;REPUESTO
200129;AGARRADOR;REPUESTO
200130;ACEITE;REPUESTO
200131;ASIENTO DE VALVULA DE ESCAPE;REPUESTO
200132;ARANDELA;REPUESTO
200201;BALATAS  DE FRENO TRASERO;REPUESTO
200202;BALATAS DE FRENO DELANTERO;REPUESTO
200203;BANDEJA O TIJERAL;REPUESTO
200204;BARRA CENTRAL DE DIRECCION;REPUESTO
200205;BARRA DE TORCION;REPUESTO
200206;BASE DE AMORTIGUADOR;REPUESTO
200207;BENDIX DE ARANQUE;REPUESTO
200208;BOBINA DE ENSENDIDO;REPUESTO
200209;BOCINA;REPUESTO
200210;BOMBA AUXILIAR EMBRAGUE;REPUESTO
200211;BOMBA DE ACEITE;REPUESTO
200212;BOMBA DE AGUA;REPUESTO
200213;BOMBA DE FRENO;REPUESTO
200214;BOMBA DE GASOLINA;REPUESTO
200215;BOMBA HIDRAULICA;REPUESTO
200216;BOMBA MAESTRA DE EMBRAGUE;REPUESTO
200217;BOMBIN DE DIESEL;REPUESTO
200218;BORNE DE BATERIA;REPUESTO
200219;BOTON;REPUESTO
200220;BOTON LEVANTA VIDRIO;REPUESTO
200221;BOTON LEVANTA VIDRIO;REPUESTO
200222;BRAZO ANCLA;REPUESTO
200223;BRAZO AXIAL DE CREMALLERA;REPUESTO
200224;BRAZO PITMAN;REPUESTO
200225;BUJE;REPUESTO
200226;BUJE BARRA TENSORA;REPUESTO
200227;BUJE DE BANDEJA SUPERIOR;REPUESTO
200228;BUJE DE BARRA ESTABILIZADORA;REPUESTO
200229;BUJE DE BRONCE;REPUESTO
200230;BUJE DE GOMA;REPUESTO
200301;CABLE DE BUJIA ( JGO );REPUESTO
200302;CABLE P/ INSTALACION ELECTRICA;REPUESTO
200303;CADENA DE DISTRIBUCION;REPUESTO
200304;CADENA DE ROSTER;REPUESTO
200305;CADENILLA DE DISTRIBUCION KIT;REPUESTO
200306;CAMISAS DE MOTOR JGO.;REPUESTO
200307;CAÑERIA DE FRENO;REPUESTO
200308;CAPUCHON DE CREMALLERA;REPUESTO
200309;CAPUCHON DE JUNTA;REPUESTO
200310;CAPUCHON DE TRICETA;REPUESTO
200311;CAPUCHONES;REPUESTO
200312;CARBONES (JGO);REPUESTO
200313;CHICLER DE CARBURADOR;REPUESTO
200314;CHICOTILLO;REPUESTO
200315;CHICOTILLO DE ACELERADOR;REPUESTO
200316;CHICOTILLO DE EMBRAGUE;REPUESTO
200317;CILINDRO DE FRENO;REPUESTO
200318;CINTA AISLANTE;REPUESTO
200319;CINTILLO;REPUESTO
200320;COJINETE DE BANCADA JGO.;REPUESTO
200321;COJINETE DE BIELA JGO.;REPUESTO
200322;CONDENSADOR;REPUESTO
200323;CONECTOR DE CABLE;REPUESTO
200324;CONJ. ROD-BBA EMBRAGUE;REPUESTO
200325;CORREA DE DISTRIBUCION;REPUESTO
200326;CORREA EXTERNA;REPUESTO
200327;CREMALLERA DE DIRECCION;REPUESTO
200328;CRUCETA;REPUESTO
200329;CUBETA DE FRENO;REPUESTO
200330;CUBETAS KIT;REPUESTO
200331;CAPUCHON DE CILINDRO;REPUESTO
200332;CONDUCTO DE AGUA;REPUESTO
200333;CAPUCHON DE HIDROVAG;REPUESTO
200334;CAPUCHON DE BOBINA;REPUESTO
200401;DIAFRAGMA;REPUESTO
200402;DISCO DE EMBRAGUE;REPUESTO
200403;DISCO DE FRENO;REPUESTO
200404;DEPOSITO DE AGUA DE RADIADOR;REPUESTO
200405;DEPOSITO DE AGUA DE LIMPIA PARABRISA;REPUESTO
200406;DIAFRAGMA DE PULMON DELANTERO;REPUESTO
200407;DIAFRAGMA DE PULMON TRASERO;REPUESTO
200408;DEPOSITO;REPUESTO
200501;ELECTROVENTILADORA;REPUESTO
200502;EMBOLO DE ARRANQUE;REPUESTO
200503;EMBRAGUE DE VENTILADORA;REPUESTO
200504;EMPAQ. CULATA;REPUESTO
200505;EMPAQ. TAPA VALANCIN;REPUESTO
200506;EMPAQUETADURA;REPUESTO
200507;ENCHUFE;REPUESTO
200508;ESCOBILLA LIMPIA PARABRISA;REPUESTO
200509;ESPIGA DE CARDAN;REPUESTO
200510;ESPIRAL;REPUESTO
200511;EMPAQUETADURA DE CAÑO DE ESCAPE;REPUESTO
200512;EMPAQUTADURA DE MOTOR JGO.;REPUESTO
200513;ESPEJO REPROVISOR;REPUESTO
200514;ECU MODULO DE CONTROL ELECTRONICO;REPUESTO
200515;ENGRANAJE;REPUESTO
200516;EMPAQUETADURA DE ADMISION;REPUESTO
200517;ELEMENTO DE TOBERA;REPUESTO
200518;EMPAQUETADURA DE CARTER;REPUESTO
200519;EMPAQUETADURA DE MULTIPLE DE ESCAPE;REPUESTO
102024;EJE CENTRAL DE CAJA DE DIRECCION;REPUESTO
200601;FILTRO AIRE DE MOTOR;REPUESTO
200602;FILTRO DE A/C;REPUESTO
200603;FILTRO DE ACEITE;REPUESTO
200604;FILTRO DE CAJA AUTOMATICA;REPUESTO
200605;FILTRO DE DIESEL;REPUESTO
200606;FILTRO DE GASOLINA EXTERNO;REPUESTO
200607;FILTRO DE INYECTOR;REPUESTO
200608;FOCO;REPUESTO
200609;FUSIBLE;REPUESTO
200610;FILTRO DE BOMBA DE GASOLINA;REPUESTO
200611;FAROL;REPUESTO
200612;FORRO DE VOLANTE;REPUESTO
200613;FORRO DE ASIENTO;REPUESTO
200614;FILTRO DE CONDENSADOR;REPUESTO
200615;FILTRO SUMERGIBLE DE BOMBA DE GASOLINA;REPUESTO
200616;FLOTADOR DE COMBUSTIBLE;REPUESTO
200701;GOTITA;REPUESTO
200702;GRASA GRAFITADA;REPUESTO
200703;GRASA P/RODAMIENTO;REPUESTO
200704;GATO DE VEHICULO;REPUESTO
200705;GASKET;REPUESTO
200706;GUIA DE CADENILLA DE DISTRIBUIDOR;REPUESTO
200707;GUIA O ASIENTO DE CULATA;REPUESTO
200708;ERROR;REPUESTO
200709;GRASA P/CREMALLERA;REPUESTO
200710;GUIA DE VALVULA JGO.;REPUESTO
200711;GUIÑADORES;REPUESTO
200712;GOMA DE MARCO DE PUERTA;REPUESTO
200713;GARGANTA;REPUESTO
200714;GUARDAPOLVO;REPUESTO
200715;GRASA ALQUITRANADA;REPUESTO
200716;GRAMPA DE MUELLE;REPUESTO
200801;HALOGENOS;REPUESTO
200802;HIDROVAG;REPUESTO
200803;HERRRAMIENTA;REPUESTO
200901;INTERMITENTE;REPUESTO
200902;INYECTOR DE DIESEL;REPUESTO
200903;INYECTOR DE GASOLINA;REPUESTO
201001;JUNTA HOMOCINETICA;REPUESTO
201002;JALADOR DE PUERTA;REPUESTO
201003;JUEGO DE PISOS;REPUESTO
201004;JALADOR DE PUERTA CORREDIZA;REPUESTO
201101;KIT DE DISTRIBUCION;REPUESTO
201102;KIT DE EMBRAGUE;REPUESTO
201103;KIT DE MORDAZA;REPUESTO
201104;KIT DE RETEN DE MACERO O BOLA;REPUESTO
201105;KIT DE RETENES HIDRAULICOS;REPUESTO
201106;KIT DE PUNTA EJE;REPUESTO
201107;KIT REPARO DE CAJA DE DIRECCION;REPUESTO
201108;KIT RETENES Y ORING DE INYECTOR;REPUESTO
201109;KIT DE SATELITES Y PLANETARIOS;REPUESTO
201201;LAINA ACERADA;REPUESTO
201202;LIQUIDO ELEVADOR DE OCTANAGE;REPUESTO
201203;LIMPIA CATALIZADOR;REPUESTO
201204;LIMPIADOR DE PARTES ELECTRICAS;REPUESTO
201205;LIMPIA INYECTORES;REPUESTO
201206;LIMPIADOR SISTEMA DE REFRIGERACION;REPUESTO
201207;LIQUIDO DE FRENO;REPUESTO
201208;LIQUIDO HIDRAULICO;REPUESTO
201209;LLAVE CRUZ;REPUESTO
201210;LAINA;REPUESTO
201211;LIQUIDO P/LIMPIA PARABRISA;REPUESTO
201212;LIQUIDO POWER STERING;REPUESTO
201213;LIJA;REPUESTO
201214;LUCES LED;REPUESTO
201215;LIQUIDO P/LIMPIEZA DE VALVULA;REPUESTO
201301;MACERO DE RUEDA;REPUESTO
201302;MANGUERA DE AIRE;REPUESTO
201303;MANGUERA DE COMBUSTIBLE Y/O ACEITE;REPUESTO
201304;MANGUERA DE FERNO;REPUESTO
201305;MANGUERA DE PRESION DE ACEITE;REPUESTO
201306;MOTOR DE LEVANTA VIDRIO;REPUESTO
201307;MOTOR DE VENTILADORA;REPUESTO
201308;MANGUERA CORRUGADA;REPUESTO
201309;MANGUERA DE RADIADOR;REPUESTO
201310;MALLA VIBRADORA DE CAÑO DE ESCAPE;REPUESTO
201401;NIPLE;REPUESTO
201402;NEUTRALIZADOR;REPUESTO
201403;NIDO DE CORONA;REPUESTO
201501;ORING;REPUESTO
201502;ORING DE INYECTOR;REPUESTO
201503;ORING DE COMPRESOR;REPUESTO
201504;OJAL P/NIPLE;REPUESTO
201601;PALIER;REPUESTO
201602;PASTILLAS DE FRENO DELANTERA;REPUESTO
201603;PASTILLAS DE FRENO TRASERA;REPUESTO
201604;PERMATEC 3M;REPUESTO
201605;PERNO;REPUESTO
201606;PISTON DE BBA. ALIMENTADORA;REPUESTO
201607;PISTON DE MOTOR JGO.;REPUESTO
201608;PLATINO DE DISTRIBUIDOR;REPUESTO
201609;POLEA EXTERNA;REPUESTO
201610;PORTA CARBONES;REPUESTO
201611;PORTA FUSIBLE;REPUESTO
201612;POXILINA;REPUESTO
201613;POXIPOL;REPUESTO
201614;PRENSA DE EMBRAGUE;REPUESTO
201615;PRECINTO DE CAPUCHON;REPUESTO
201616;PERNO DE CARDAN;REPUESTO
201617;PERNO DE MORDAZA;REPUESTO
201618;PISTON DE MORDAZA;REPUESTO
201619;PEGAMENTO;REPUESTO
201620;PORTA MACERO DE RUEDA;REPUESTO
201701;RADIADOR DE AIRE ACONDICIONADO;REPUESTO
201702;RADIADOR DE MOTOR;REPUESTO
201703;REGULADOR DE VOLTAJE;REPUESTO
201704;RELAY;REPUESTO
201705;REPARO BBA. AUXILIAR DE EMBRAGUE;REPUESTO
201706;REPARO BBA. MAESTRA DE EMBRAGUE;REPUESTO
201707;REPARO DE BOMBA ALIMENTADORA;REPUESTO
201708;REPARO DE BOMBA DE FRENO;REPUESTO
201709;RESORTE;REPUESTO
201710;RETEN;REPUESTO
201711;RETEN DE ARBOL DE LEVA;REPUESTO
201712;RETEN DE CAJA;REPUESTO
201713;RETEN DE CIGÜEÑAL DELANTERO;REPUESTO
201714;RETEN DE INYECTOR;REPUESTO
201715;RETEN DE PALIER;REPUESTO
201716;RETEN DE ROSTER;REPUESTO
201717;RETEN DE RUEDA TRASERA;REPUESTO
201718;RETENHIDRAULICO;REPUESTO
201719;RETENES VALVULA JGO.;REPUESTO
201720;RODAMIENTO;REPUESTO
201721;RODAMIENTO DE RUEDA DELANTERA;REPUESTO
201722;RODAMIENTO DESPLAZADOR;REPUESTO
201723;RODAMIENTO GUIADOR;REPUESTO
201724;RODAMIENTO TESADOR;REPUESTO
P319;RODAMIENTO ALTERNADOR;REPUESTO
P320;RODAMIENTO DE POLEA;REPUESTO
201725;ROTOR;REPUESTO
201726;ROTULA DE SUSPENSION SUPERIOR;REPUESTO
201727;RODAMIENTO CENTRAL DE CARDAN;REPUESTO
201728;RETEN BBA DE ACEITE;REPUESTO
201729;RETEN TAPA BALANCIN;REPUESTO
201730;RODAMIENTO C/BOMBA DE EMBRAGUE;REPUESTO
201801;SANGRADOR;REPUESTO
201802;SEGURO DE CHICOTILLO;REPUESTO
201803;SEGURO DE FRENO;REPUESTO
201804;SEGURO DE PATIN DE FRENO;REPUESTO
201805;SEGURO EXTERNO;REPUESTO
201806;SELENOIDE CUERPO DE VALVULA;REPUESTO
201807;SELENOIDE VE;REPUESTO
201808;SELLO DE ESCAPE;REPUESTO
201809;SELLO DE VALVULA DE PVC;REPUESTO
201810;SELLOS;REPUESTO
201811;SENSOR DE ABS;REPUESTO
201812;SENSOR DE ACEITE;REPUESTO
201813;SENSOR DE ARBOL DE LEVA;REPUESTO
201814;SENSOR DE CIGÜEÑAL;REPUESTO
201815;SENSOR DE OXIGENO;REPUESTO
201816;SENSOR O SWITCH DE TEMPERATURA;REPUESTO
201817;SILICONA;REPUESTO
201818;SINFÍN;REPUESTO
201819;SOPORTE DE CAJA;REPUESTO
201820;SOPORTE DE MOTOR;REPUESTO
201821;SUPLE DE BUJIA;REPUESTO
201822;SWITCH DE ACEITE;REPUESTO
201823;SWITCH DE FRENO;REPUESTO
201824;SWITCH DE RETRO;REPUESTO
201825;SEGURO INTERNO;REPUESTO
201901;T DE FRENO;REPUESTO
201902;T DE MANGUERA;REPUESTO
201903;TACO ALUMINIO;REPUESTO
201904;TAMBORES DE FRENO;REPUESTO
201905;TAPA DE CULATA;REPUESTO
201906;TAPA DE RADIADOR;REPUESTO
201907;TAPA DISTRIBUIDOR;REPUESTO
201908;TAPON DE CARTER;REPUESTO
201909;TERMINAL DE DIRECCION;REPUESTO
201910;TERMINAL ESTABILIZADOR;REPUESTO
201911;TESADOR HIDRUALICO;REPUESTO
201912;TOBERAS DE INYECTORES DIESEL;REPUESTO
201913;TRABASIL;REPUESTO
201914;TRICETA;REPUESTO
201915;TUERCA;REPUESTO
201916;TAPON DE BLOCK;REPUESTO
201917;TAPA DE DISTRIBUCION;REPUESTO
201918;TRIANGULO DE SEGURIDAD;REPUESTO
201919;TRAMPA DE AGUA P/DIESEL;REPUESTO
201920;TAPA DE ACEITE DE MOTOR;REPUESTO
201921;TERMINAL ELECTRICO;REPUESTO
201922;TAPA DE INYECTOR;REPUESTO
201923;TAPON;REPUESTO
201924;TERMOSWITCH DE TEMPERATURA;REPUESTO
201925;TAPA DE DEPOSITO;REPUESTO
202001;VALVULA;REPUESTO
202002;VALVULA DE ADMISION JGO.;REPUESTO
202003;VALVULA DE ESCAPE JGO.;REPUESTO
202004;VALVULA PVC;REPUESTO
202005;VALVULA TERMOSTATICA;REPUESTO
202006;VALVULA DE BOMBA HIDRAULICA;REPUESTO
202007;VALVULA DE SOBREPRESION DE COMBUSTIBLE;REPUESTO
202008;VOLANTE DE DIRECCION;REPUESTO
202009;VISERA TAPA SOL;REPUESTO
202010;VASTAGO HIDRAULICO;REPUESTO
202011;VARILLA DE BALANCIN;REPUESTO
202101;YOKE DE CARDAN;REPUESTO
202201;UNION DE MANGUERA;REPUESTO
200231;BUJE DE SOPORTE DE CREMALLERA;REPUESTO
200232;BUJIAS IRIDUM;REPUESTO
200233;BUJIAS ITRION;REPUESTO
200234;BUJIAS PLATINADAS;REPUESTO
200235;BASE DE BOMBA DE AGUA;REPUESTO
200236;BUJE DE BANDEJA INFERIOR;REPUESTO
200237;BUJE DE MUELLE;REPUESTO
200238;BALANCIN DE MUELLE;REPUESTO
200239;BOTA AGUA DE PARABRIZA;REPUESTO
200240;BUJE DE BARRA DE SUSPENSION TRASERA;REPUESTO
200241;BUJE BASE DE AMORTIGUADOR;REPUESTO
200242;BOTADOR HIDRAULICO;REPUESTO
200243;BROCA;REPUESTO
200244;BOBINA DE COMPRESOR DE AIRE;REPUESTO
200245;BIELA DE MOTOR;REPUESTO
200246;BUJE DE ARRANQUE;REPUESTO
200247;BASTAGOS HIDRAULICOS;REPUESTO
200248;BRAZO DE LIMPIA PARABRISA;REPUESTO
200249;CAJA DE DIRECCION;REPUESTO
200250;BOMBA INYECTORA;REPUESTO
200335;CHAVETA;REPUESTO
200336;CARBURADOR;REPUESTO
200337;CRUCETA DE CARDAN;REPUESTO
200338;CORREA DENTADA DE BOMBA DE ACEITE;REPUESTO
200339;CONECTOR DE MANGUERA;REPUESTO
200340;CHAPA DE CONTACTO;REPUESTO
200341;CHICOTILLO DE VELOCIMETRO;REPUESTO
200342;CAPUCHON DE MORDAZA;REPUESTO
200343;CINTA DE CORONA;REPUESTO
200344;CHAPA;REPUESTO
200345;CINTURON DE SEGURIDAD;REPUESTO
200346;CAPUCHON DE AMORTIGUADOR;REPUESTO
200347;CABLE DE BATERIA;REPUESTO
200348;CADENA;REPUESTO
200349;CUBETA DE CILINDRO;REPUESTO
200350;CONDUCTO TOMA DE AIRE;REPUESTO
200351;COPA DE BUJIA;REPUESTO
200352;CONTACTO DE COBRE;REPUESTO
200353;CONECTOR;REPUESTO
200354;CHICOTILLO DE FRENO;REPUESTO
200355;COMPRESOR DE AIRE;REPUESTO
200356;CAPUCHON PASADOR DE MORDAZA;REPUESTO
200357;CAPUCHON DE TERMINAL;REPUESTO
200358;CHUPETE DE BOBINA;REPUESTO
200359;CORONA;REPUESTO
200360;CINTA Y PIÑON DE CORONA;REPUESTO
200361;CASQUILLO DE VALVULA;REPUESTO
200362;CAÑERIA;REPUESTO
201311;MANGUERA DE AGUA;REPUESTO
201312;MANGUERA;REPUESTO
201313;MANGUERA HIDRAULICO;REPUESTO
201314;MUÑON;REPUESTO
201315;MANIVELA LEVANTA VIDRIO;REPUESTO
201316;MANGUERA POLIAMIDA;REPUESTO
201317;MOTOR BOTA AGUA;REPUESTO
201318;MECANISMO DE LEVANTA VIDRIO;REPUESTO
201621;PIÑON DE CORREA DE DISTRIBUCION;REPUESTO
201622;PEDAL;REPUESTO
201623;POLEA DE BOMBA HIDRAULICA;REPUESTO
201624;PIÑON DE CORONA;REPUESTO
201625;PARLANTES;REPUESTO
201626;PORTA CRUCETA DE CARDAN;REPUESTO
201627;PERNO REGULADOR;REPUESTO
201628;PASADOR DE CORONA;REPUESTO
201629;PASADOR;REPUESTO
201630;POLEA DE CIGÜEÑAL;REPUESTO
201631;PERNO DE CULATA;REPUESTO
201632;PORTA DIODO;REPUESTO
201633;PROTECTO DE DISCO DE FRENO;REPUESTO
201634;PERILLA;REPUESTO
201635;PERNO /CAÑO;REPUESTO
201636;PALANCA DE CAMBIO;REPUESTO
201637;PASADOR DE PERNO DE MORDAZA;REPUESTO
201638;POLEA DE ALTERNADOR;REPUESTO
201731;RODAMIENTO PALIER;REPUESTO
201732;RODAMIENTO DE APOYO;REPUESTO
201733;RETEN DE CIGÜEÑAL TRASERO;REPUESTO
201734;ERROR;REPUESTO
201735;RETEN DE MACERO;REPUESTO
201736;ROTULA DE SUSPENSION INFERIOR;REPUESTO
201737;REGULADOR DE FRENO;REPUESTO
201738;RETEN DE CORONA;REPUESTO
201739;RETEN DE RUEDA DELANTERA;REPUESTO
201740;RODAMIENTO PILOTO;REPUESTO
201741;RODAMIENTO DE RUEDA TRASERA;REPUESTO
201742;ERROR;REPUESTO
201743;REPARO DE CARBURADOR;REPUESTO
201744;RODAMIENTO DE PUNTA EJE;REPUESTO
201745;RETEN DE PUNTA EJE;REPUESTO
201746;RETEN DE HIDROVAG;REPUESTO
201747;REPARO DE SERVO Ó HIDROVAG;REPUESTO
201748;RODAMIENTO NIDO DE CORONA;REPUESTO
201749;RODAMIENTO DE PIÑON DE CORONA;REPUESTO
201750;RETEN DE SINFÍN;REPUESTO
201751;RODAMIENTO DE COMPRESOR;REPUESTO
201752;REPARO;REPUESTO
201753;RODAMIENTO DE ARRANQUE;REPUESTO
201754;RETEN DE PIÑON DE CORONA;REPUESTO
201755;RODAMIENTO DE CAJA;REPUESTO
201756;RETEN DE SELECTOR DE CAJA;REPUESTO
201826;SEGURO DE PALIER;REPUESTO
201827;SENSOR DE AIRE ACONDICIONADO;REPUESTO
201828;SEGURO PLASTICO;REPUESTO
201829;STOP TRASERO;REPUESTO
201830;SENSOR DE PRESION DE ACEITE;REPUESTO
201831;SENSOR;REPUESTO
201832;SEGURO;REPUESTO
201833;SOPORTE DE ESPEJO;REPUESTO
201834;SEGURO DE INYECTOR;REPUESTO
201835;SWITCH;REPUESTO
201836;SENSOR DE BAJA O RALENTY;REPUESTO
201837;SOPORTE;REPUESTO
201838;SOQUET;REPUESTO
201839;SELLO DE TAPA DE BALANCIN;REPUESTO
201840;SELENOIDE ARRANQUE;REPUESTO
201926;TAPA DE BALANCIN;REPUESTO
201927;TAZA DE VIDRIO TRAMPA DE DIESEL;REPUESTO
201928;TACO DE GOMA;REPUESTO
201929;TAPA DE PERNO TOPE DE BANDEJA;REPUESTO
201930;TAPA PUNTA EJE;REPUESTO
201931;TAPA DE TANQUE;REPUESTO
201932;TURBO COMPLETO;REPUESTO
201933;TESADOR DE CORREA;REPUESTO
101010;MECANICA;SERVICIO
101011;AFINADO DE MOTOR;SERVICIO
101012;BAJADO DE TANQUE DE COMBUSTIBLE LIMPIEZA;SERVICIO
101013;CAMBIO DE ACEITE DE MOTOR;SERVICIO
101014;CAMBIO DE BOMBA DE AGUA;SERVICIO
101015;CAMBIO DE BOMBA DE GASOLINA;SERVICIO
101016;CAMBIO DE BUJIAS DE ENCENDIDO;SERVICIO
101017;CAMBIO DE EMPAQUETADURA MULTIPLE DE ESCAPE;SERVICIO
101018;CAMBIO DE VALVULA PVC;SERVICIO
101019;CAMBIO Y/O REVISION DE VALVULA TERMOSTATICA;SERVICIO
101020;MECANICA DESMONTAJE DE CULATA;SERVICIO
101021;CAMBIO EMPAQUETADURA TAPA DE BALANCIN;SERVICIO
101022;DESMONTAJE DE RADIADOR;SERVICIO
101023;LIMPIEZA DE INYECTORES;SERVICIO
101024;MECANICA CAMBIO DE MOTOR;SERVICIO
101025;MECANICA DE DISTRIBUCION;SERVICIO
101026;MECANICA REPARACION DE MOTOR;SERVICIO
101027;SCANEADO DE VEHICULO;SERVICIO
101028;SERVICIO TECNICO CAMBIO INYECTORES DIESEL;SERVICIO
101029;MANTENIMIENTO DE SISTEMA INYECCION DIESEL;SERVICIO
101030;CAMBIO DE CORREA;SERVICIO
101031;CAMBIO Y/O ARREGLO DE CONDUCTO DE AGUA;SERVICIO
101032;MECANICA DE CARTER;SERVICIO
101033;MECANICA DESMONTAJE DE TANQUE CAMBIO DE BOMBA DE COMBUSTIBLE;SERVICIO
101034;MECANICA CAMBIO DE SOPORTE MOTOR;SERVICIO
101035;REVISION Y/O CAMBIO DE FILTRO;SERVICIO
101036;MECANICA LIMPIEZA DE GARGANTA Y CAMBIO DE BUJIA;SERVICIO
101037;MECANICA DE CARBURADOR;SERVICIO
101038;MECANICA REVISION Y/O ARREGLO CANISTER;SERVICIO
101039;LIMPIEZA DE BUJIAS;SERVICIO
101040;MECANICA DESMONTAJE MULTIPLE DE ESCAPE;SERVICIO
101041;SERVICIO TECNICO;SERVICIO
101042;MECANICA CAMBIO Y/O REVISION DE CHICOTILLO;SERVICIO
101043;BAJADO DE CAJA;SERVICIO
101044;CAMBIO DE EMPAQUETADURA DE CAÑO DE ESCAPE;SERVICIO
101045;CAMBIO DE RETEN DE CIGÜEÑAL;SERVICIO
101046;LIMPIEZA DE CUERPO DE ACELERACION;SERVICIO
101047;REPARACION;SERVICIO
101048;SERVICIO TECNICO REPARACION DE BOMBA INYECTORA;SERVICIO
101049;CAMBIO DE RETEN;SERVICIO
101050;CAMBIO DE MANGUERA;SERVICIO
101051;TRABAJO MECANICO CAÑO DE ESCAPE;SERVICIO
101052;BAJADO DE TANQUE REVISION;SERVICIO
101053;REVISION DE NIVELES;SERVICIO
101054;REVISION DE INYECTOR DE COMBUSTIBLE;SERVICIO
101055;MECANICA REVISION Y/O CAMBIO DE SENSOR;SERVICIO
102011;CAMBIO DE ACEITE DE TRASMISION;SERVICIO
102012;CAMBIO DE CRUCETA DE CARDAN;SERVICIO
102013;CAMBIO DE RODAMIENTO CENTRAL;SERVICIO
102014;DESMONTAJE DE CAJA CAMBIO DE RETEN CIGÜEÑAL TRASERO;SERVICIO
102015;LIMPIEZA DE CUERPO DE VALVULA;SERVICIO
102016;MECANICA CAMBIO DE CAJA DE TRASMISION;SERVICIO
102017;MECANICA REPARACION DE CAJA DE DIRECCION;SERVICIO
102018;MECANICA REPARACION DE CAJA DE TRASMISION;SERVICIO
102019;MECANICA REPARACION DE CORONA;SERVICIO
102020;MECANICA REPARACION DE ROSTER;SERVICIO
102021;MECANICA BAJADO DE CAJA Y CAMBIO DE KIT DE EMBRAGUE;SERVICIO
102022;REVISION DE ACEITE DE CORONA CAJA Y ROSTER;SERVICIO
102023;MECANICA DE PALANCA DE CAMBIO;SERVICIO
102025;REPARACION DE DISCO DE EMBRAGUE;SERVICIO
102026;REPARACION DE PRENSA DE EMBRAGUE;SERVICIO
102027;MECANICA CAMBIO DE FUNDA DE CORONA;SERVICIO
102028;MECANICA CAMBIO DE REPARO DE BOMBA;SERVICIO
102029;DESMONTAJE DE CARDAN;SERVICIO
102030;MECANICA REPARACION DE CAJA DE DIRECCION;SERVICIO
102031;MECANICA DE CORONA;SERVICIO
103011;CAMBIO DE BOMBA DE HIDRAULICO;SERVICIO
103012;CAMBIO DE CRUCETA DE DIRECCION;SERVICIO
103013;ENGRASE DE JUNTA HOMOCINETICA DELANTERA;SERVICIO
103014;ENGRASE DE JUNTA HOMOCINETICA TRASERA;SERVICIO
103015;ENGRASE DE RODAMIENTO DE RUEDA DELANTERA;SERVICIO
103016;ENGRASE DE RODAMIENTO DE RUEDA TRASERA;SERVICIO
103017;MECANICA CAMBIO DE JUNTA HOMOCINETICA DELANTERA;SERVICIO
103018;MECANICA CAMBIO DE JUNTA HOMOCINETICA TRASERA;SERVICIO
103019;MECANICA CAMBIO DE RODAMIENTO DE RUEDA DELANTERA;SERVICIO
103020;MECANICA CAMBIO DE RODAMIENTO DE RUEDA TRASERA;SERVICIO
103021;MECANICA CAMBIO DE CREMALLERA;SERVICIO
103022;MECANICA REPARACION DE CREMALLERA;SERVICIO
103023;PRENSADO DE MANGUERA;SERVICIO
103024;MECANICA DE BOMBA HIDRAULICA;SERVICIO
103025;ENGRASE DE PASADOR DE MUELLE;SERVICIO
103026;CAMBIO DE BRAZO AXIAL DE CREMALLERA;SERVICIO
103027;MECANICA ENGRASE Y/O CAMBIO CAPUCHON DE PALIER;SERVICIO
103028;MECANICA DESMONTAJE DE BARRA DE DIRECCION;SERVICIO
103029;MECANICA DE MACERO DELANTERO;SERVICIO
103030;MANTENIMIENTO Y LIMPIEZA DEL SISTEMA DE DIRECCION;SERVICIO
103031;MECANICA CAMBIO DE RETEN DE PALIER TRASERO;SERVICIO
103032;ENGRASE DE TERMINALES;SERVICIO
103033;MECANICA DE PALIERES TARSEROS;SERVICIO
103034;CAMCIO DE BUJES DE BARRA;SERVICIO
103035;MECANICA DESMONTAJE Y MONTAJE DE VOLANTE DE DIRECCION;SERVICIO
103036;MECANICA DE YOKE DE DIRECCION;SERVICIO
103037;TRABAJO MECANICO DE DIRECCION;SERVICIO
103038;MECANICA MANTENIMIENTO DE CREMALLERA;SERVICIO
103039;ENGRASE DE PALIERES;SERVICIO
103040;ENGRASE DE RODAMIENTO;SERVICIO
103041;DESMONTAJE DE PALIER;SERVICIO
103042;MECANICA CAMBIO DE CAPUCHON;SERVICIO
104011;MECANICA DE BOMBA DE EMBRAGUE;SERVICIO
104012;MECANICA DE BOMBA DE FRENO E HIDROVAG;SERVICIO
104013;MECANICA DE FRENOS DELANTERO;SERVICIO
104014;MECANICA DE FRENOS TRASERO;SERVICIO
104015;MECANICA MANTENIMIENTO DE FRENO;SERVICIO
104016;TORNERIA RECTIFICADO DE DISCO DE FRENO;SERVICIO
104017;TORNERIA RECTIFICADO DE TAMBOR DE FRENO;SERVICIO
104018;TORNERIA RECTIFICADO DE VOLANTE DE INERCIA;SERVICIO
104019;SACADO DE PERNO DE MORDAZA;SERVICIO
104020;MECANICA DE REGULADO DE FRENO;SERVICIO
104021;MECANICA REPARACION DE PULMONES DE FRENO DELANTERO;SERVICIO
104022;MECANICA REPARACION DE PULMONES DE FRENO TRASERO;SERVICIO
104023;MANTENIMIENTO DE MORDAZA;SERVICIO
104024;MECANICA DE BOMBA AL VACIO;SERVICIO
104025;TRABAJO DE LIMPIEZA;SERVICIO
104026;REVISION DE FRENO;SERVICIO
104027;MANTENIMIENTO DE CILINDRO DE FRENO;SERVICIO
104028;DESMONTAJE DE DISCO DE FRENO;SERVICIO
105011;MECANICA DE AMORTIGUADOR;SERVICIO
105012;MECANICA DE SUSPENSION DELANTERA;SERVICIO
105013;MECANICA DE SUSPENSION TRASERA;SERVICIO
105014;PRENSADO DE MUÑON;SERVICIO
105015;CAMBIO DE PERNO DE RUEDA;SERVICIO
105016;REVISION Y REAJUSTE DE SUSPENSION;SERVICIO
105017;MECANICA DE TREN DELANTERO;SERVICIO
105018;CAMBIO DE ROTULA DE SUSPENSION;SERVICIO
106010;SERVICIO ELECTRICO;SERVICIO
106011;SERVICIO ELECTRICO DE ALTERNADOR;SERVICIO
106012;SERVICIO ELECTRICO DE ARRANQUE;SERVICIO
106013;SERVICIO ELECTRICO DE SISTEMA DE CABLEADO;SERVICIO
106014;SERVICIO ELECTRICO REVISION Y MANTENIMIENTO DE LUCES;SERVICIO
106015;SERVICIO ELECTRONICO 4X4 4WD;SERVICIO
106016;SERVICIO ELECTRONICO DE DIRECCION ASISTIDA O ELECTROMECANICA;SERVICIO
106017;SERVICIO ELECTRONICO DE FRENOS ABS;SERVICIO
106018;SERVICIO ELECTRONICO DE LA TRASMISION AUTOMATICA;SERVICIO
106019;SERVICIO ELECTRONICO DE MODULO ECU;SERVICIO
106020;SERVICIO ELECTRICO REPARACION DE BOCINA;SERVICIO
106021;REVISION Y DIAGNOSTICO DE BOBINA;SERVICIO
106022;REVISION Y DIAGNOSTICO DE BOMBA DE GASOLINA;SERVICIO
106023;SERVICIO ELECTRONICO LEVANTA VIDRIO;SERVICIO
106024;SERVICIO ELECTRONICO DE FUNCIONAMIENTO;SERVICIO
106025;SERVICIO ELECTRONICO DE CAJA ROBOTICA;SERVICIO
106026;BAJADO DE TANQUE Y ARREGLO DE MEDIDOR DE COMBUSTIBLE;SERVICIO
106027;SERVICIO ELECTRONICO DE TABLERO;SERVICIO
106028;ARREGLO LIMPIA PARABRISA;SERVICIO
106029;REVISION Y DIAGNOSTICO DE BUJIAS;SERVICIO
106030;REPARACION DE CINTA DE VOLANTE Y/O BOCINA;SERVICIO
106031;CAMBIO DE FOCO DE STOP Y/O FAROL;SERVICIO
106032;ADAPTACION;SERVICIO
106033;LIMPIEZA DE VALVULA;SERVICIO
106034;REVISION Y/O MANTENIMIENTO SISTEMA ELECTRICO;SERVICIO
106035;SERVICIO ELECTROMECANICO;SERVICIO
106036;TRABAJO ELECTRICO DE CHAPA DE ENCENDIDO;SERVICIO
107011;TRABAJO DE TORNERIA;SERVICIO
107012;TRABAJO DE TORNERIA BUJE DE CREMALLERA;SERVICIO
107013;TRABAJO DE TORNERIA EMBUJADO DE MORDAZA;SERVICIO
107014;TORNERIA CAMBIO DE RODAMIENTO CENTRAL Y CRUCETA;SERVICIO
107015;TORNERIA CAMBIO RODAMIENTO PALIER TRASERO;SERVICIO
107016;TORNERIA RECTIFICADO VASTAGO DE CREMALLERA;SERVICIO
107017;TORNERIA EXTRACCION DE PERNO;SERVICIO
107018;TORNERIA CAMBIO DE BUJE DE BANDEJA;SERVICIO
107019;TORNERIA RECTIFICADO Y/O PULIDO DE CILINDRO;SERVICIO
107020;TORNERIA RELLENADO DE PASADOR Y EJE;SERVICIO
107021;TORNERIA RELLENADO DE MACERO;SERVICIO
107022;CEPILLADO DE CULATA;SERVICIO
107023;RECTIFICADO DE ASIENTOS DE VALVULAS;SERVICIO
107024;RECONSTRUCCION DE BOMBA DE AGUA;SERVICIO
107025;TORNERIA BUJE DE AMORTIGUADOR;SERVICIO
107026;TORNERIA EMBUJADO DE BUJE DE BANDEJA Y/O TIJERAL;SERVICIO
107027;SERVICIO RECTIFICACION CALIBRACION Y ARMADO DE CULATA;SERVICIO
107028;TORNERIA ARREGLO BASE AMORTIGUADOR;SERVICIO
107029;TORNERIA CAMBIO DE RODAMIENTO Y/O MACERO;SERVICIO
107030;TORNERIA FABRICACION DE SOPORTE;SERVICIO
107031;TORNERIA BUJES DE PALANCA;SERVICIO
107032;TORNERIA RECONSTRUCCION DE MUÑON;SERVICIO
107033;TORNERIA EMBUJADO BRAZO PITMAN;SERVICIO
107034;TORNERIA FABRICACION BUJE DE BRONCE GRAFITADO;SERVICIO
107035;TORNERIA RELLENADO DE PORTA MACERO;SERVICIO
107036;EMBUJADO DE SOPORTE DE MOTOR;SERVICIO
107037;TARBAJO DE TORNERIA FABRICACION;SERVICIO
107038;TORNERIA CAMBIO DE RETEN;SERVICIO
107039;RECONSTRUCCION;SERVICIO
107040;TRABAJO DE MAESTRANZA;SERVICIO
107041;FABRICACION;SERVICIO
107042;TORNERIA USO DE OXIGENO;SERVICIO
107043;ENCAMISADO;SERVICIO
107044;TORNERIA RECTIFICADO;SERVICIO
107045;TORNERIA AJUSTE;SERVICIO
107046;FABRICACION DE EMPAQUETADURA;SERVICIO
107047;FABRICACION DE CHICOTILLO;SERVICIO
107048;FABRICACION DE PASADOR;SERVICIO
107049;TORNERIA BUJE;SERVICIO
108011;ALINEACION Y CONVERGENCIA;SERVICIO
108012;BALANCEO DE RUEDA;SERVICIO
108013;DESMOTADO DE LLANTA;SERVICIO
108014;PARADO Y/O CAIDA DE LLANTA;SERVICIO
108015;ERROR;SERVICIO
108016;ROTACION DE LLANTA;SERVICIO
108017;TRABAJO MAESTRANZA DESMONTADO Y MONTADO DE LLANTAS RIGIDAS;SERVICIO
109011;FABRICACION CAMBIO DE TAPA DE RADIADOR;SERVICIO
109012;LIMPIEZA Y SONDEADO DE RADIADOR;SERVICIO
109013;RECONSTRUCCION DE CHICOTILLO;SERVICIO
109014;SERVICIO GRUA;SERVICIO
109015;SERVICIO MANTENIMIENTO AIRE ACONDICIONADO;SERVICIO
109016;SERVICIO TRABAJO DE AIRE ACONDICIONADO;SERVICIO
109017;TRABAJO DE SOLDADURA;SERVICIO
109018;ARREGLO DE TAPA DE DISTRIBUCION;SERVICIO
109019;SERVICIO DE AUXILIO MECANICO;SERVICIO
109020;TAPIZADO DE ASIENTO;SERVICIO
109021;SERVICIO DESMONTAJE Y/O MONTAJE DE TORPEDO Y TABLERO;SERVICIO
109022;FABRICACION DE EMPAQUETADURA DE CAÑO DE ESCAPE;SERVICIO
109023;LAVADO DE TANQUE DE COMBUSTIBLE;SERVICIO
109024;ARREGLO DE DEPOSITO;SERVICIO
109025;REPARACION Y TAPIZADO DE ASIENTO;SERVICIO
109026;SELLADO FUGA DE ACEITE;SERVICIO
109027;CAMBIO DE CUELLO DE RADIADOR;SERVICIO
109028;ARREGLO JALADOR DE PUERTA;SERVICIO
109029;MANTENIMIENTO DE BOMBA;SERVICIO
109030;MANTENIMIENTO;SERVICIO
109031;REPARACION DE TURBO;SERVICIO
109032;EMPAPELADO DE PARABRISA;SERVICIO
109033;LAVADO;SERVICIO
109034;DESMONTAJE Y MONTAJE COMPRESOR;SERVICIO
109035;ARREGLO DE ASIENTO;SERVICIO
109036;MECANICA CAMBIO DE JALADOR DE PUERTA;SERVICIO
109037;TRABAJO ARREGLO;SERVICIO